{"initial_reset_timestamp": 1560255300.083134, "timestamps": [1560255322.22516, 1560255341.74145, 1560255355.227702, 1560255379.343104, 1560255396.679739, 1560255421.9480152, 1560255440.228578, 1560255460.897464, 1560255480.480164, 1560255499.5282612, 1560255517.5955288, 1560255540.347647, 1560255560.781599, 1560255579.784804, 1560255599.9180632, 1560255617.2280588, 1560255638.029601, 1560255661.3971179, 1560255680.318207, 1560255698.5201259, 1560255714.903574, 1560255733.470585, 1560255752.572672, 1560255770.236373, 1560255786.188976, 1560255805.528449, 1560255821.039382, 1560255843.008426, 1560255861.390599, 1560255882.492021, 1560255902.724285, 1560255924.459967, 1560255936.3921769, 1560255952.190791, 1560255980.5785851, 1560256001.6948931, 1560256023.965322, 1560256042.844484, 1560256061.11692, 1560256089.132221, 1560256111.195563, 1560256127.880501, 1560256150.64917, 1560256176.449132, 1560256196.698926, 1560256221.067565, 1560256238.866624, 1560256263.370673, 1560256283.400705, 1560256297.560742, 1560256316.270612, 1560256342.2359722, 1560256359.289126, 1560256375.0410209, 1560256395.1403258, 1560256419.47629, 1560256438.596459, 1560256459.9076438, 1560256482.8461728, 1560256500.159971, 1560256520.529423, 1560256542.110666, 1560256554.190767, 1560256574.428294, 1560256594.9803782, 1560256611.9637911, 1560256630.679931, 1560256635.681468, 1560256641.496883, 1560256660.116909, 1560256679.532165, 1560256700.065026, 1560256724.5826051, 1560256749.317225, 1560256769.535129, 1560256789.6762712, 1560256807.1311932, 1560256825.868153, 1560256844.2673368, 1560256862.0359502, 1560256879.687032, 1560256897.506325, 1560256914.318938, 1560256936.518867, 1560256958.939012, 1560256977.304031, 1560256994.256608, 1560257012.422574, 1560257033.0913851, 1560257054.0918038, 1560257079.066358, 1560257098.5202858, 1560257109.55837, 1560257132.193801, 1560257150.380289, 1560257168.9932349, 1560257187.1836212, 1560257206.895954, 1560257222.6336908, 1560257241.544827, 1560257256.9571772, 1560257273.700427, 1560257289.890059, 1560257313.961951, 1560257328.846221, 1560257340.903498, 1560257361.711607, 1560257379.318209, 1560257398.628775, 1560257418.651659, 1560257433.822978, 1560257453.001736, 1560257472.701731, 1560257491.421685, 1560257506.926015, 1560257527.5412312, 1560257544.3901901, 1560257559.4729311, 1560257577.226858, 1560257595.7599192, 1560257608.413047, 1560257625.411126, 1560257643.128837, 1560257659.306039, 1560257678.829344, 1560257700.694156, 1560257708.1973, 1560257726.626734, 1560257743.86516, 1560257764.17461, 1560257776.802927, 1560257796.8523772, 1560257818.713542, 1560257844.668829, 1560257863.5015402, 1560257881.033939, 1560257898.037003, 1560257916.4187148, 1560257933.301194, 1560257960.601105, 1560257980.7481768, 1560257999.5498939, 1560258016.9030871, 1560258024.985993, 1560258030.698622, 1560258035.5343459, 1560258040.9204931, 1560258058.7399628, 1560258079.271154, 1560258097.537216, 1560258116.073568, 1560258137.438427, 1560258155.172739, 1560258174.775647, 1560258198.6087658, 1560258234.026489, 1560258253.477893, 1560258276.5957491, 1560258298.2955148, 1560258318.6817942, 1560258339.4792352, 1560258365.1987, 1560258383.379358, 1560258405.833014, 1560258428.400733, 1560258448.3472419, 1560258468.95309, 1560258487.8858519, 1560258512.152637, 1560258533.0554292, 1560258553.640285, 1560258574.1378171, 1560258589.974147, 1560258611.509274, 1560258632.6118999, 1560258652.293045, 1560258675.47539, 1560258697.360399, 1560258716.876649, 1560258732.706901, 1560258745.5577412, 1560258762.669167, 1560258773.63056, 1560258790.493176, 1560258808.7374752, 1560258824.097001, 1560258845.1124501, 1560258863.85525, 1560258888.4800808, 1560258910.879085, 1560258928.298144, 1560258950.831788, 1560258967.116411, 1560258992.7711518, 1560259009.331682, 1560259026.4531908, 1560259048.688084, 1560259055.5712798, 1560259071.7860742, 1560259096.801835, 1560259106.881758, 1560259126.8392892, 1560259135.020301, 1560259157.144587, 1560259178.801409, 1560259195.322062, 1560259212.438686, 1560259236.5891242, 1560259254.123314, 1560259273.974283, 1560259295.0546901, 1560259312.8246112, 1560259334.7461162, 1560259353.092138, 1560259374.691206, 1560259392.208992, 1560259413.8627598, 1560259433.244304, 1560259449.398466, 1560259470.148776, 1560259488.346069, 1560259505.280373, 1560259510.00144, 1560259527.364685, 1560259546.000513, 1560259566.816063, 1560259584.3686779, 1560259604.447474, 1560259609.202807, 1560259629.9164212, 1560259644.237269, 1560259649.222674, 1560259656.3229, 1560259664.7367208, 1560259684.583482, 1560259705.554297, 1560259718.7093928, 1560259741.655512, 1560259761.590775, 1560259783.6230762, 1560259803.3056362, 1560259821.103243, 1560259838.4408672, 1560259856.978266, 1560259877.17381, 1560259895.7287061, 1560259910.876058, 1560259930.5629408, 1560259949.094125, 1560259973.145331, 1560259996.412172, 1560260016.2630699, 1560260037.4152992, 1560260055.863214, 1560260074.429031, 1560260091.581385, 1560260109.269027, 1560260126.9997382, 1560260148.102578, 1560260164.517478, 1560260185.470162, 1560260205.601888, 1560260223.1024508, 1560260241.019774, 1560260262.6208231, 1560260278.747595, 1560260292.3556259, 1560260308.720649, 1560260326.559932, 1560260338.66216, 1560260352.0697532, 1560260366.170971, 1560260385.523488, 1560260404.640021, 1560260421.123301, 1560260434.707865, 1560260456.5426712, 1560260478.2763789, 1560260494.6951602, 1560260513.227772, 1560260530.479313, 1560260553.428566, 1560260576.197726, 1560260591.662935, 1560260603.412758, 1560260625.5995579, 1560260631.0944462, 1560260635.594888, 1560260644.5502532, 1560260649.4310458, 1560260669.157212, 1560260679.360916, 1560260691.667427, 1560260697.792017, 1560260708.664288, 1560260728.400751, 1560260734.717464, 1560260749.903533, 1560260770.269226, 1560260785.986382, 1560260801.886833, 1560260821.156796, 1560260842.553874, 1560260849.78472, 1560260869.969949, 1560260887.5927958, 1560260910.1817741, 1560260925.860085, 1560260948.970885, 1560260964.225307, 1560260983.492927, 1560261003.915493, 1560261021.346784, 1560261027.354346, 1560261051.544234, 1560261056.612394, 1560261069.578249, 1560261088.478388, 1560261108.146503, 1560261127.861595, 1560261144.497652, 1560261168.666914, 1560261186.317125, 1560261206.10213, 1560261224.2496152, 1560261245.6053162, 1560261257.428925, 1560261275.473192, 1560261298.2057972, 1560261313.519318, 1560261332.537172, 1560261347.317867, 1560261366.4543161, 1560261376.9982321, 1560261393.755106, 1560261410.187385, 1560261422.739842, 1560261442.505058, 1560261447.2495308, 1560261466.3582232, 1560261483.5290198, 1560261502.2090821, 1560261518.5489721, 1560261535.901431, 1560261559.329422, 1560261578.211066, 1560261596.980339, 1560261613.492311, 1560261622.40832, 1560261638.227587, 1560261653.2918038, 1560261674.7134862, 1560261699.3269088, 1560261715.2297459, 1560261732.631519, 1560261752.8804119, 1560261767.871253, 1560261783.36846, 1560261799.4214091, 1560261820.9259698, 1560261845.7694058, 1560261861.517869, 1560261869.7330601, 1560261881.917799, 1560261897.973917, 1560261912.20115, 1560261929.071313, 1560261941.0847301, 1560261958.412791, 1560261971.970303, 1560261995.1721568, 1560262008.887222, 1560262022.661946, 1560262036.767617, 1560262057.309223, 1560262074.9931278, 1560262097.075731, 1560262109.583762, 1560262122.711248, 1560262138.8573859, 1560262156.847123, 1560262174.8265002, 1560262185.9057128, 1560262199.912898, 1560262218.521489, 1560262233.8125079, 1560262247.562034, 1560262256.985535, 1560262277.796305, 1560262287.0402272, 1560262304.048621, 1560262322.883112, 1560262332.8671732, 1560262346.774016, 1560262357.010155, 1560262364.5852952, 1560262375.29829, 1560262385.801607, 1560262402.8827782, 1560262414.003498, 1560262431.738225, 1560262448.6864839, 1560262462.547262, 1560262473.6797252, 1560262490.126452, 1560262505.97312, 1560262526.15428, 1560262540.086785, 1560262554.0940201, 1560262568.736458, 1560262584.184675, 1560262603.077827, 